metric,value,unit,date,period,form,fiscal_year,filed_date
EarningsPerShareDiluted,1.65,USD/shares,2025-03-29,Q2,10-Q,2025,2025-05-02
CostOfGoodsAndServicesSold,116517000000.0,USD,2025-03-29,Q2,10-Q,2025,2025-05-02
OperatingIncomeLoss,29589000000.0,USD,2025-03-29,Q2,10-Q,2025,2025-05-02
RevenueFromContractWithCustomerExcludingAssessedTax,95359000000.0,USD,2025-03-29,Q2,10-Q,2025,2025-05-02
RevenueFromContractWithCustomerExcludingAssessedTax,219659000000.0,USD,2025-03-29,Q2,10-Q,2025,2025-05-02
CashAndCashEquivalentsAtCarryingValue,28162000000.0,USD,2025-03-29,Q2,10-Q,2025,2025-05-02
GrossProfit,44867000000.0,USD,2025-03-29,Q2,10-Q,2025,2025-05-02
EarningsPerShareBasic,1.65,USD/shares,2025-03-29,Q2,10-Q,2025,2025-05-02
GrossProfit,103142000000.0,USD,2025-03-29,Q2,10-Q,2025,2025-05-02
NetIncomeLoss,61110000000.0,USD,2025-03-29,Q2,10-Q,2025,2025-05-02
NetIncomeLoss,24780000000.0,USD,2025-03-29,Q2,10-Q,2025,2025-05-02
StockholdersEquity,66796000000.0,USD,2025-03-29,Q2,10-Q,2025,2025-05-02
Assets,331233000000.0,USD,2025-03-29,Q2,10-Q,2025,2025-05-02
EarningsPerShareBasic,4.06,USD/shares,2025-03-29,Q2,10-Q,2025,2025-05-02
AssetsCurrent,118674000000.0,USD,2025-03-29,Q2,10-Q,2025,2025-05-02
CostOfGoodsAndServicesSold,50492000000.0,USD,2025-03-29,Q2,10-Q,2025,2025-05-02
OperatingIncomeLoss,72421000000.0,USD,2025-03-29,Q2,10-Q,2025,2025-05-02
EarningsPerShareDiluted,4.05,USD/shares,2025-03-29,Q2,10-Q,2025,2025-05-02
Liabilities,264437000000.0,USD,2025-03-29,Q2,10-Q,2025,2025-05-02
LiabilitiesCurrent,144571000000.0,USD,2025-03-29,Q2,10-Q,2025,2025-05-02
StockholdersEquity,66758000000.0,USD,2024-12-28,Q1,10-Q,2025,2025-01-31
Assets,344085000000.0,USD,2024-12-28,Q1,10-Q,2025,2025-01-31
NetIncomeLoss,36330000000.0,USD,2024-12-28,Q1,10-Q,2025,2025-01-31
GrossProfit,58275000000.0,USD,2024-12-28,Q1,10-Q,2025,2025-01-31
LiabilitiesCurrent,144365000000.0,USD,2024-12-28,Q1,10-Q,2025,2025-01-31
CashAndCashEquivalentsAtCarryingValue,30299000000.0,USD,2024-12-28,Q1,10-Q,2025,2025-01-31
OperatingIncomeLoss,42832000000.0,USD,2024-12-28,Q1,10-Q,2025,2025-01-31
RevenueFromContractWithCustomerExcludingAssessedTax,124300000000.0,USD,2024-12-28,Q1,10-Q,2025,2025-01-31
EarningsPerShareDiluted,2.4,USD/shares,2024-12-28,Q1,10-Q,2025,2025-01-31
EarningsPerShareBasic,2.41,USD/shares,2024-12-28,Q1,10-Q,2025,2025-01-31
CostOfGoodsAndServicesSold,66025000000.0,USD,2024-12-28,Q1,10-Q,2025,2025-01-31
AssetsCurrent,133240000000.0,USD,2024-12-28,Q1,10-Q,2025,2025-01-31
Liabilities,277327000000.0,USD,2024-12-28,Q1,10-Q,2025,2025-01-31
StockholdersEquity,66758000000.0,USD,2024-12-28,Q2,10-Q,2025,2025-05-02
CashAndCashEquivalentsAtCarryingValue,29943000000.0,USD,2024-09-28,Q2,10-Q,2025,2025-05-02
LiabilitiesCurrent,176392000000.0,USD,2024-09-28,FY,10-K,2024,2024-11-01
EarningsPerShareDiluted,6.08,USD/shares,2024-09-28,FY,10-K,2024,2024-11-01
RevenueFromContractWithCustomerExcludingAssessedTax,391035000000.0,USD,2024-09-28,FY,10-K,2024,2024-11-01
OperatingIncomeLoss,123216000000.0,USD,2024-09-28,FY,10-K,2024,2024-11-01
CashAndCashEquivalentsAtCarryingValue,29943000000.0,USD,2024-09-28,FY,10-K,2024,2024-11-01
CashAndCashEquivalentsAtCarryingValue,29943000000.0,USD,2024-09-28,Q1,10-Q,2025,2025-01-31
NetIncomeLoss,93736000000.0,USD,2024-09-28,FY,10-K,2024,2024-11-01
LiabilitiesCurrent,176392000000.0,USD,2024-09-28,Q2,10-Q,2025,2025-05-02
LiabilitiesCurrent,176392000000.0,USD,2024-09-28,Q1,10-Q,2025,2025-01-31
Liabilities,308030000000.0,USD,2024-09-28,Q1,10-Q,2025,2025-01-31
Liabilities,308030000000.0,USD,2024-09-28,FY,10-K,2024,2024-11-01
StockholdersEquity,56950000000.0,USD,2024-09-28,Q2,10-Q,2025,2025-05-02
Liabilities,308030000000.0,USD,2024-09-28,Q2,10-Q,2025,2025-05-02
AssetsCurrent,152987000000.0,USD,2024-09-28,Q2,10-Q,2025,2025-05-02
AssetsCurrent,152987000000.0,USD,2024-09-28,Q1,10-Q,2025,2025-01-31
AssetsCurrent,152987000000.0,USD,2024-09-28,FY,10-K,2024,2024-11-01
CostOfGoodsAndServicesSold,210352000000.0,USD,2024-09-28,FY,10-K,2024,2024-11-01
Assets,364980000000.0,USD,2024-09-28,Q2,10-Q,2025,2025-05-02
Assets,364980000000.0,USD,2024-09-28,Q1,10-Q,2025,2025-01-31
Assets,364980000000.0,USD,2024-09-28,FY,10-K,2024,2024-11-01
GrossProfit,180683000000.0,USD,2024-09-28,FY,10-K,2024,2024-11-01
StockholdersEquity,56950000000.0,USD,2024-09-28,FY,10-K,2024,2024-11-01
StockholdersEquity,56950000000.0,USD,2024-09-28,Q1,10-Q,2025,2025-01-31
EarningsPerShareBasic,6.11,USD/shares,2024-09-28,FY,10-K,2024,2024-11-01
EarningsPerShareBasic,1.4,USD/shares,2024-06-29,Q3,10-Q,2024,2024-08-02
EarningsPerShareBasic,5.13,USD/shares,2024-06-29,Q3,10-Q,2024,2024-08-02
CostOfGoodsAndServicesSold,159301000000.0,USD,2024-06-29,Q3,10-Q,2024,2024-08-02
CostOfGoodsAndServicesSold,46099000000.0,USD,2024-06-29,Q3,10-Q,2024,2024-08-02
GrossProfit,136804000000.0,USD,2024-06-29,Q3,10-Q,2024,2024-08-02
OperatingIncomeLoss,93625000000.0,USD,2024-06-29,Q3,10-Q,2024,2024-08-02
OperatingIncomeLoss,25352000000.0,USD,2024-06-29,Q3,10-Q,2024,2024-08-02
GrossProfit,39678000000.0,USD,2024-06-29,Q3,10-Q,2024,2024-08-02
RevenueFromContractWithCustomerExcludingAssessedTax,296105000000.0,USD,2024-06-29,Q3,10-Q,2024,2024-08-02
CashAndCashEquivalentsAtCarryingValue,25565000000.0,USD,2024-06-29,Q3,10-Q,2024,2024-08-02
EarningsPerShareDiluted,1.4,USD/shares,2024-06-29,Q3,10-Q,2024,2024-08-02
EarningsPerShareDiluted,5.11,USD/shares,2024-06-29,Q3,10-Q,2024,2024-08-02
LiabilitiesCurrent,131624000000.0,USD,2024-06-29,Q3,10-Q,2024,2024-08-02
RevenueFromContractWithCustomerExcludingAssessedTax,85777000000.0,USD,2024-06-29,Q3,10-Q,2024,2024-08-02
Liabilities,264904000000.0,USD,2024-06-29,Q3,10-Q,2024,2024-08-02
Assets,331612000000.0,USD,2024-06-29,Q3,10-Q,2024,2024-08-02
NetIncomeLoss,79000000000.0,USD,2024-06-29,Q3,10-Q,2024,2024-08-02
NetIncomeLoss,21448000000.0,USD,2024-06-29,Q3,10-Q,2024,2024-08-02
StockholdersEquity,66708000000.0,USD,2024-06-29,Q3,10-Q,2024,2024-08-02
AssetsCurrent,125435000000.0,USD,2024-06-29,Q3,10-Q,2024,2024-08-02
AssetsCurrent,128416000000.0,USD,2024-03-30,Q2,10-Q,2024,2024-05-03
EarningsPerShareBasic,1.53,USD/shares,2024-03-30,Q2,10-Q,2025,2025-05-02
StockholdersEquity,74194000000.0,USD,2024-03-30,Q2,10-Q,2024,2024-05-03
Assets,337411000000.0,USD,2024-03-30,Q2,10-Q,2024,2024-05-03
Liabilities,263217000000.0,USD,2024-03-30,Q2,10-Q,2024,2024-05-03
EarningsPerShareBasic,3.72,USD/shares,2024-03-30,Q2,10-Q,2025,2025-05-02
LiabilitiesCurrent,123822000000.0,USD,2024-03-30,Q2,10-Q,2024,2024-05-03
CostOfGoodsAndServicesSold,48482000000.0,USD,2024-03-30,Q2,10-Q,2025,2025-05-02
CostOfGoodsAndServicesSold,48482000000.0,USD,2024-03-30,Q2,10-Q,2024,2024-05-03
EarningsPerShareBasic,1.53,USD/shares,2024-03-30,Q2,10-Q,2024,2024-05-03
GrossProfit,97126000000.0,USD,2024-03-30,Q2,10-Q,2024,2024-05-03
EarningsPerShareBasic,3.72,USD/shares,2024-03-30,Q2,10-Q,2024,2024-05-03
CashAndCashEquivalentsAtCarryingValue,32695000000.0,USD,2024-03-30,Q2,10-Q,2024,2024-05-03
GrossProfit,97126000000.0,USD,2024-03-30,Q2,10-Q,2025,2025-05-02
GrossProfit,42271000000.0,USD,2024-03-30,Q2,10-Q,2024,2024-05-03
GrossProfit,42271000000.0,USD,2024-03-30,Q2,10-Q,2025,2025-05-02
StockholdersEquity,74194000000.0,USD,2024-03-30,Q3,10-Q,2024,2024-08-02
StockholdersEquity,74194000000.0,USD,2024-03-30,Q2,10-Q,2025,2025-05-02
NetIncomeLoss,23636000000.0,USD,2024-03-30,Q2,10-Q,2025,2025-05-02
NetIncomeLoss,23636000000.0,USD,2024-03-30,Q2,10-Q,2024,2024-05-03
CostOfGoodsAndServicesSold,113202000000.0,USD,2024-03-30,Q2,10-Q,2024,2024-05-03
NetIncomeLoss,57552000000.0,USD,2024-03-30,Q2,10-Q,2025,2025-05-02
OperatingIncomeLoss,68273000000.0,USD,2024-03-30,Q2,10-Q,2024,2024-05-03
OperatingIncomeLoss,68273000000.0,USD,2024-03-30,Q2,10-Q,2025,2025-05-02
OperatingIncomeLoss,27900000000.0,USD,2024-03-30,Q2,10-Q,2024,2024-05-03
NetIncomeLoss,57552000000.0,USD,2024-03-30,Q2,10-Q,2024,2024-05-03
CostOfGoodsAndServicesSold,113202000000.0,USD,2024-03-30,Q2,10-Q,2025,2025-05-02
OperatingIncomeLoss,27900000000.0,USD,2024-03-30,Q2,10-Q,2025,2025-05-02
RevenueFromContractWithCustomerExcludingAssessedTax,210328000000.0,USD,2024-03-30,Q2,10-Q,2024,2024-05-03
EarningsPerShareDiluted,1.53,USD/shares,2024-03-30,Q2,10-Q,2025,2025-05-02
EarningsPerShareDiluted,1.53,USD/shares,2024-03-30,Q2,10-Q,2024,2024-05-03
EarningsPerShareDiluted,3.71,USD/shares,2024-03-30,Q2,10-Q,2025,2025-05-02
EarningsPerShareDiluted,3.71,USD/shares,2024-03-30,Q2,10-Q,2024,2024-05-03
RevenueFromContractWithCustomerExcludingAssessedTax,90753000000.0,USD,2024-03-30,Q2,10-Q,2025,2025-05-02
RevenueFromContractWithCustomerExcludingAssessedTax,90753000000.0,USD,2024-03-30,Q2,10-Q,2024,2024-05-03
RevenueFromContractWithCustomerExcludingAssessedTax,210328000000.0,USD,2024-03-30,Q2,10-Q,2025,2025-05-02
CostOfGoodsAndServicesSold,64720000000.0,USD,2023-12-30,Q1,10-Q,2025,2025-01-31
AssetsCurrent,143692000000.0,USD,2023-12-30,Q1,10-Q,2024,2024-02-02
GrossProfit,54855000000.0,USD,2023-12-30,Q1,10-Q,2024,2024-02-02
NetIncomeLoss,33916000000.0,USD,2023-12-30,Q1,10-Q,2025,2025-01-31
StockholdersEquity,74100000000.0,USD,2023-12-30,Q1,10-Q,2024,2024-02-02
RevenueFromContractWithCustomerExcludingAssessedTax,119575000000.0,USD,2023-12-30,Q1,10-Q,2025,2025-01-31
RevenueFromContractWithCustomerExcludingAssessedTax,119575000000.0,USD,2023-12-30,Q1,10-Q,2024,2024-02-02
NetIncomeLoss,33916000000.0,USD,2023-12-30,Q1,10-Q,2024,2024-02-02
StockholdersEquity,74100000000.0,USD,2023-12-30,Q2,10-Q,2024,2024-05-03
StockholdersEquity,74100000000.0,USD,2023-12-30,Q1,10-Q,2025,2025-01-31
StockholdersEquity,74100000000.0,USD,2023-12-30,Q2,10-Q,2025,2025-05-02
Assets,353514000000.0,USD,2023-12-30,Q1,10-Q,2024,2024-02-02
GrossProfit,54855000000.0,USD,2023-12-30,Q1,10-Q,2025,2025-01-31
CostOfGoodsAndServicesSold,64720000000.0,USD,2023-12-30,Q1,10-Q,2024,2024-02-02
CashAndCashEquivalentsAtCarryingValue,40760000000.0,USD,2023-12-30,Q1,10-Q,2024,2024-02-02
EarningsPerShareBasic,2.19,USD/shares,2023-12-30,Q1,10-Q,2024,2024-02-02
EarningsPerShareBasic,2.19,USD/shares,2023-12-30,Q1,10-Q,2025,2025-01-31
EarningsPerShareDiluted,2.18,USD/shares,2023-12-30,Q1,10-Q,2025,2025-01-31
Liabilities,279414000000.0,USD,2023-12-30,Q1,10-Q,2024,2024-02-02
EarningsPerShareDiluted,2.18,USD/shares,2023-12-30,Q1,10-Q,2024,2024-02-02
OperatingIncomeLoss,40373000000.0,USD,2023-12-30,Q1,10-Q,2024,2024-02-02
LiabilitiesCurrent,133973000000.0,USD,2023-12-30,Q1,10-Q,2024,2024-02-02
OperatingIncomeLoss,40373000000.0,USD,2023-12-30,Q1,10-Q,2025,2025-01-31
RevenueFromContractWithCustomerExcludingAssessedTax,383285000000.0,USD,2023-09-30,FY,10-K,2023,2023-11-03
Assets,352583000000.0,USD,2023-09-30,Q1,10-Q,2024,2024-02-02
Assets,352583000000.0,USD,2023-09-30,FY,10-K,2023,2023-11-03
Assets,352583000000.0,USD,2023-09-30,Q3,10-Q,2024,2024-08-02
RevenueFromContractWithCustomerExcludingAssessedTax,383285000000.0,USD,2023-09-30,FY,10-K,2024,2024-11-01
NetIncomeLoss,96995000000.0,USD,2023-09-30,FY,10-K,2023,2023-11-03
CashAndCashEquivalentsAtCarryingValue,29965000000.0,USD,2023-09-30,FY,10-K,2024,2024-11-01
CashAndCashEquivalentsAtCarryingValue,29965000000.0,USD,2023-09-30,Q3,10-Q,2024,2024-08-02
CashAndCashEquivalentsAtCarryingValue,29965000000.0,USD,2023-09-30,Q2,10-Q,2024,2024-05-03
CashAndCashEquivalentsAtCarryingValue,29965000000.0,USD,2023-09-30,Q1,10-Q,2024,2024-02-02
CashAndCashEquivalentsAtCarryingValue,29965000000.0,USD,2023-09-30,FY,10-K,2023,2023-11-03
Assets,352583000000.0,USD,2023-09-30,Q2,10-Q,2024,2024-05-03
StockholdersEquity,62146000000.0,USD,2023-09-30,Q1,10-Q,2025,2025-01-31
Assets,352583000000.0,USD,2023-09-30,FY,10-K,2024,2024-11-01
StockholdersEquity,62146000000.0,USD,2023-09-30,Q2,10-Q,2025,2025-05-02
EarningsPerShareDiluted,6.13,USD/shares,2023-09-30,FY,10-K,2024,2024-11-01
LiabilitiesCurrent,145308000000.0,USD,2023-09-30,FY,10-K,2024,2024-11-01
LiabilitiesCurrent,145308000000.0,USD,2023-09-30,Q3,10-Q,2024,2024-08-02
LiabilitiesCurrent,145308000000.0,USD,2023-09-30,Q2,10-Q,2024,2024-05-03
LiabilitiesCurrent,145308000000.0,USD,2023-09-30,Q1,10-Q,2024,2024-02-02
LiabilitiesCurrent,145308000000.0,USD,2023-09-30,FY,10-K,2023,2023-11-03
EarningsPerShareDiluted,6.13,USD/shares,2023-09-30,FY,10-K,2023,2023-11-03
Liabilities,290437000000.0,USD,2023-09-30,FY,10-K,2024,2024-11-01
Liabilities,290437000000.0,USD,2023-09-30,Q3,10-Q,2024,2024-08-02
Liabilities,290437000000.0,USD,2023-09-30,Q2,10-Q,2024,2024-05-03
Liabilities,290437000000.0,USD,2023-09-30,Q1,10-Q,2024,2024-02-02
Liabilities,290437000000.0,USD,2023-09-30,FY,10-K,2023,2023-11-03
AssetsCurrent,143566000000.0,USD,2023-09-30,FY,10-K,2024,2024-11-01
AssetsCurrent,143566000000.0,USD,2023-09-30,Q3,10-Q,2024,2024-08-02
AssetsCurrent,143566000000.0,USD,2023-09-30,Q2,10-Q,2024,2024-05-03
AssetsCurrent,143566000000.0,USD,2023-09-30,Q1,10-Q,2024,2024-02-02
AssetsCurrent,143566000000.0,USD,2023-09-30,FY,10-K,2023,2023-11-03
StockholdersEquity,62146000000.0,USD,2023-09-30,FY,10-K,2023,2023-11-03
StockholdersEquity,62146000000.0,USD,2023-09-30,Q1,10-Q,2024,2024-02-02
StockholdersEquity,62146000000.0,USD,2023-09-30,Q2,10-Q,2024,2024-05-03
StockholdersEquity,62146000000.0,USD,2023-09-30,Q3,10-Q,2024,2024-08-02
StockholdersEquity,62146000000.0,USD,2023-09-30,FY,10-K,2024,2024-11-01
OperatingIncomeLoss,114301000000.0,USD,2023-09-30,FY,10-K,2023,2023-11-03
OperatingIncomeLoss,114301000000.0,USD,2023-09-30,FY,10-K,2024,2024-11-01
NetIncomeLoss,96995000000.0,USD,2023-09-30,FY,10-K,2024,2024-11-01
GrossProfit,169148000000.0,USD,2023-09-30,FY,10-K,2023,2023-11-03
CostOfGoodsAndServicesSold,214137000000.0,USD,2023-09-30,FY,10-K,2024,2024-11-01
CostOfGoodsAndServicesSold,214137000000.0,USD,2023-09-30,FY,10-K,2023,2023-11-03
GrossProfit,169148000000.0,USD,2023-09-30,FY,10-K,2024,2024-11-01
EarningsPerShareBasic,6.16,USD/shares,2023-09-30,FY,10-K,2023,2023-11-03
EarningsPerShareBasic,6.16,USD/shares,2023-09-30,FY,10-K,2024,2024-11-01
OperatingIncomeLoss,22998000000.0,USD,2023-07-01,Q3,10-Q,2024,2024-08-02
EarningsPerShareDiluted,1.26,USD/shares,2023-07-01,Q3,10-Q,2023,2023-08-04
EarningsPerShareDiluted,4.67,USD/shares,2023-07-01,Q3,10-Q,2024,2024-08-02
EarningsPerShareDiluted,4.67,USD/shares,2023-07-01,Q3,10-Q,2023,2023-08-04
StockholdersEquity,60274000000.0,USD,2023-07-01,Q3,10-Q,2023,2023-08-04
NetIncomeLoss,19881000000.0,USD,2023-07-01,Q3,10-Q,2024,2024-08-02
OperatingIncomeLoss,87332000000.0,USD,2023-07-01,Q3,10-Q,2023,2023-08-04
OperatingIncomeLoss,87332000000.0,USD,2023-07-01,Q3,10-Q,2024,2024-08-02
OperatingIncomeLoss,22998000000.0,USD,2023-07-01,Q3,10-Q,2023,2023-08-04
Assets,335038000000.0,USD,2023-07-01,Q3,10-Q,2023,2023-08-04
NetIncomeLoss,19881000000.0,USD,2023-07-01,Q3,10-Q,2023,2023-08-04
EarningsPerShareDiluted,1.26,USD/shares,2023-07-01,Q3,10-Q,2024,2024-08-02
NetIncomeLoss,74039000000.0,USD,2023-07-01,Q3,10-Q,2023,2023-08-04
EarningsPerShareBasic,1.27,USD/shares,2023-07-01,Q3,10-Q,2024,2024-08-02
EarningsPerShareBasic,1.27,USD/shares,2023-07-01,Q3,10-Q,2023,2023-08-04
Liabilities,274764000000.0,USD,2023-07-01,Q3,10-Q,2023,2023-08-04
AssetsCurrent,122659000000.0,USD,2023-07-01,Q3,10-Q,2023,2023-08-04
EarningsPerShareBasic,4.69,USD/shares,2023-07-01,Q3,10-Q,2023,2023-08-04
EarningsPerShareBasic,4.69,USD/shares,2023-07-01,Q3,10-Q,2024,2024-08-02
NetIncomeLoss,74039000000.0,USD,2023-07-01,Q3,10-Q,2024,2024-08-02
StockholdersEquity,60274000000.0,USD,2023-07-01,Q3,10-Q,2024,2024-08-02
GrossProfit,36413000000.0,USD,2023-07-01,Q3,10-Q,2024,2024-08-02
RevenueFromContractWithCustomerExcludingAssessedTax,81797000000.0,USD,2023-07-01,Q3,10-Q,2023,2023-08-04
CostOfGoodsAndServicesSold,45384000000.0,USD,2023-07-01,Q3,10-Q,2024,2024-08-02
CostOfGoodsAndServicesSold,45384000000.0,USD,2023-07-01,Q3,10-Q,2023,2023-08-04
CostOfGoodsAndServicesSold,165066000000.0,USD,2023-07-01,Q3,10-Q,2024,2024-08-02
CostOfGoodsAndServicesSold,165066000000.0,USD,2023-07-01,Q3,10-Q,2023,2023-08-04
GrossProfit,36413000000.0,USD,2023-07-01,Q3,10-Q,2023,2023-08-04
RevenueFromContractWithCustomerExcludingAssessedTax,293787000000.0,USD,2023-07-01,Q3,10-Q,2023,2023-08-04
RevenueFromContractWithCustomerExcludingAssessedTax,293787000000.0,USD,2023-07-01,Q3,10-Q,2024,2024-08-02
LiabilitiesCurrent,124963000000.0,USD,2023-07-01,Q3,10-Q,2023,2023-08-04
CashAndCashEquivalentsAtCarryingValue,28408000000.0,USD,2023-07-01,Q3,10-Q,2023,2023-08-04
RevenueFromContractWithCustomerExcludingAssessedTax,81797000000.0,USD,2023-07-01,Q3,10-Q,2024,2024-08-02
GrossProfit,128721000000.0,USD,2023-07-01,Q3,10-Q,2024,2024-08-02
GrossProfit,128721000000.0,USD,2023-07-01,Q3,10-Q,2023,2023-08-04
AssetsCurrent,112913000000.0,USD,2023-04-01,Q2,10-Q,2023,2023-05-05
StockholdersEquity,62158000000.0,USD,2023-04-01,Q2,10-Q,2023,2023-05-05
StockholdersEquity,62158000000.0,USD,2023-04-01,Q3,10-Q,2023,2023-08-04
StockholdersEquity,62158000000.0,USD,2023-04-01,Q2,10-Q,2024,2024-05-03
EarningsPerShareDiluted,3.41,USD/shares,2023-04-01,Q2,10-Q,2024,2024-05-03
EarningsPerShareDiluted,3.41,USD/shares,2023-04-01,Q2,10-Q,2023,2023-05-05
EarningsPerShareBasic,1.53,USD/shares,2023-04-01,Q2,10-Q,2024,2024-05-03
EarningsPerShareBasic,1.53,USD/shares,2023-04-01,Q2,10-Q,2023,2023-05-05
EarningsPerShareBasic,3.42,USD/shares,2023-04-01,Q2,10-Q,2024,2024-05-03
EarningsPerShareBasic,3.42,USD/shares,2023-04-01,Q2,10-Q,2023,2023-05-05
NetIncomeLoss,54158000000.0,USD,2023-04-01,Q2,10-Q,2023,2023-05-05
GrossProfit,92308000000.0,USD,2023-04-01,Q2,10-Q,2024,2024-05-03
NetIncomeLoss,54158000000.0,USD,2023-04-01,Q2,10-Q,2024,2024-05-03
NetIncomeLoss,24160000000.0,USD,2023-04-01,Q2,10-Q,2023,2023-05-05
CashAndCashEquivalentsAtCarryingValue,24687000000.0,USD,2023-04-01,Q2,10-Q,2023,2023-05-05
GrossProfit,92308000000.0,USD,2023-04-01,Q2,10-Q,2023,2023-05-05
GrossProfit,41976000000.0,USD,2023-04-01,Q2,10-Q,2024,2024-05-03
RevenueFromContractWithCustomerExcludingAssessedTax,211990000000.0,USD,2023-04-01,Q2,10-Q,2024,2024-05-03
RevenueFromContractWithCustomerExcludingAssessedTax,94836000000.0,USD,2023-04-01,Q2,10-Q,2023,2023-05-05
NetIncomeLoss,24160000000.0,USD,2023-04-01,Q2,10-Q,2024,2024-05-03
RevenueFromContractWithCustomerExcludingAssessedTax,94836000000.0,USD,2023-04-01,Q2,10-Q,2024,2024-05-03
StockholdersEquity,62158000000.0,USD,2023-04-01,Q3,10-Q,2024,2024-08-02
GrossProfit,41976000000.0,USD,2023-04-01,Q2,10-Q,2023,2023-05-05
RevenueFromContractWithCustomerExcludingAssessedTax,211990000000.0,USD,2023-04-01,Q2,10-Q,2023,2023-05-05
Assets,332160000000.0,USD,2023-04-01,Q2,10-Q,2023,2023-05-05
OperatingIncomeLoss,64334000000.0,USD,2023-04-01,Q2,10-Q,2024,2024-05-03
CostOfGoodsAndServicesSold,119682000000.0,USD,2023-04-01,Q2,10-Q,2023,2023-05-05
EarningsPerShareDiluted,1.52,USD/shares,2023-04-01,Q2,10-Q,2023,2023-05-05
EarningsPerShareDiluted,1.52,USD/shares,2023-04-01,Q2,10-Q,2024,2024-05-03
OperatingIncomeLoss,28318000000.0,USD,2023-04-01,Q2,10-Q,2024,2024-05-03
OperatingIncomeLoss,28318000000.0,USD,2023-04-01,Q2,10-Q,2023,2023-05-05
OperatingIncomeLoss,64334000000.0,USD,2023-04-01,Q2,10-Q,2023,2023-05-05
LiabilitiesCurrent,120075000000.0,USD,2023-04-01,Q2,10-Q,2023,2023-05-05
Liabilities,270002000000.0,USD,2023-04-01,Q2,10-Q,2023,2023-05-05
CostOfGoodsAndServicesSold,119682000000.0,USD,2023-04-01,Q2,10-Q,2024,2024-05-03
CostOfGoodsAndServicesSold,52860000000.0,USD,2023-04-01,Q2,10-Q,2023,2023-05-05
CostOfGoodsAndServicesSold,52860000000.0,USD,2023-04-01,Q2,10-Q,2024,2024-05-03
RevenueFromContractWithCustomerExcludingAssessedTax,117154000000.0,USD,2022-12-31,Q1,10-Q,2024,2024-02-02
EarningsPerShareBasic,1.89,USD/shares,2022-12-31,Q1,10-Q,2023,2023-02-03
GrossProfit,50332000000.0,USD,2022-12-31,Q1,10-Q,2024,2024-02-02
GrossProfit,50332000000.0,USD,2022-12-31,Q1,10-Q,2023,2023-02-03
RevenueFromContractWithCustomerExcludingAssessedTax,117154000000.0,USD,2022-12-31,Q1,10-Q,2023,2023-02-03
Assets,346747000000.0,USD,2022-12-31,Q1,10-Q,2023,2023-02-03
OperatingIncomeLoss,36016000000.0,USD,2022-12-31,Q1,10-Q,2024,2024-02-02
CostOfGoodsAndServicesSold,66822000000.0,USD,2022-12-31,Q1,10-Q,2024,2024-02-02
EarningsPerShareDiluted,1.88,USD/shares,2022-12-31,Q1,10-Q,2024,2024-02-02
OperatingIncomeLoss,36016000000.0,USD,2022-12-31,Q1,10-Q,2023,2023-02-03
EarningsPerShareBasic,1.89,USD/shares,2022-12-31,Q1,10-Q,2024,2024-02-02
Liabilities,290020000000.0,USD,2022-12-31,Q1,10-Q,2023,2023-02-03
CostOfGoodsAndServicesSold,66822000000.0,USD,2022-12-31,Q1,10-Q,2023,2023-02-03
LiabilitiesCurrent,137286000000.0,USD,2022-12-31,Q1,10-Q,2023,2023-02-03
CashAndCashEquivalentsAtCarryingValue,20535000000.0,USD,2022-12-31,Q1,10-Q,2023,2023-02-03
StockholdersEquity,56727000000.0,USD,2022-12-31,Q1,10-Q,2023,2023-02-03
NetIncomeLoss,29998000000.0,USD,2022-12-31,Q1,10-Q,2024,2024-02-02
NetIncomeLoss,29998000000.0,USD,2022-12-31,Q1,10-Q,2023,2023-02-03
StockholdersEquity,56727000000.0,USD,2022-12-31,Q2,10-Q,2023,2023-05-05
StockholdersEquity,56727000000.0,USD,2022-12-31,Q1,10-Q,2024,2024-02-02
StockholdersEquity,56727000000.0,USD,2022-12-31,Q2,10-Q,2024,2024-05-03
AssetsCurrent,128777000000.0,USD,2022-12-31,Q1,10-Q,2023,2023-02-03
EarningsPerShareDiluted,1.88,USD/shares,2022-12-31,Q1,10-Q,2023,2023-02-03
StockholdersEquity,50672000000.0,USD,2022-09-24,Q1,10-Q,2024,2024-02-02
Liabilities,302083000000.0,USD,2022-09-24,FY,10-K,2022,2022-10-28
StockholdersEquity,50672000000.0,USD,2022-09-24,Q2,10-Q,2023,2023-05-05
CostOfGoodsAndServicesSold,223546000000.0,USD,2022-09-24,FY,10-K,2024,2024-11-01
StockholdersEquity,50672000000.0,USD,2022-09-24,Q3,10-Q,2023,2023-08-04
StockholdersEquity,50672000000.0,USD,2022-09-24,FY,10-K,2023,2023-11-03
StockholdersEquity,50672000000.0,USD,2022-09-24,FY,10-K,2024,2024-11-01
StockholdersEquity,50672000000.0,USD,2022-09-24,Q2,10-Q,2024,2024-05-03
StockholdersEquity,50672000000.0,USD,2022-09-24,Q3,10-Q,2024,2024-08-02
RevenueFromContractWithCustomerExcludingAssessedTax,394328000000.0,USD,2022-09-24,FY,10-K,2023,2023-11-03
GrossProfit,170782000000.0,USD,2022-09-24,FY,10-K,2022,2022-10-28
GrossProfit,170782000000.0,USD,2022-09-24,FY,10-K,2023,2023-11-03
GrossProfit,170782000000.0,USD,2022-09-24,FY,10-K,2024,2024-11-01
RevenueFromContractWithCustomerExcludingAssessedTax,394328000000.0,USD,2022-09-24,FY,10-K,2024,2024-11-01
Liabilities,302083000000.0,USD,2022-09-24,FY,10-K,2023,2023-11-03
RevenueFromContractWithCustomerExcludingAssessedTax,394328000000.0,USD,2022-09-24,FY,10-K,2022,2022-10-28
CostOfGoodsAndServicesSold,223546000000.0,USD,2022-09-24,FY,10-K,2022,2022-10-28
AssetsCurrent,135405000000.0,USD,2022-09-24,FY,10-K,2022,2022-10-28
AssetsCurrent,135405000000.0,USD,2022-09-24,Q1,10-Q,2023,2023-02-03
AssetsCurrent,135405000000.0,USD,2022-09-24,Q2,10-Q,2023,2023-05-05
AssetsCurrent,135405000000.0,USD,2022-09-24,Q3,10-Q,2023,2023-08-04
AssetsCurrent,135405000000.0,USD,2022-09-24,FY,10-K,2023,2023-11-03
Liabilities,302083000000.0,USD,2022-09-24,Q3,10-Q,2023,2023-08-04
Liabilities,302083000000.0,USD,2022-09-24,Q2,10-Q,2023,2023-05-05
CostOfGoodsAndServicesSold,223546000000.0,USD,2022-09-24,FY,10-K,2023,2023-11-03
StockholdersEquity,50672000000.0,USD,2022-09-24,Q1,10-Q,2023,2023-02-03
StockholdersEquity,50672000000.0,USD,2022-09-24,FY,10-K,2022,2022-10-28
LiabilitiesCurrent,153982000000.0,USD,2022-09-24,FY,10-K,2022,2022-10-28
LiabilitiesCurrent,153982000000.0,USD,2022-09-24,Q1,10-Q,2023,2023-02-03
LiabilitiesCurrent,153982000000.0,USD,2022-09-24,Q2,10-Q,2023,2023-05-05
LiabilitiesCurrent,153982000000.0,USD,2022-09-24,Q3,10-Q,2023,2023-08-04
LiabilitiesCurrent,153982000000.0,USD,2022-09-24,FY,10-K,2023,2023-11-03
Liabilities,302083000000.0,USD,2022-09-24,Q1,10-Q,2023,2023-02-03
EarningsPerShareBasic,6.15,USD/shares,2022-09-24,FY,10-K,2022,2022-10-28
Assets,352755000000.0,USD,2022-09-24,FY,10-K,2023,2023-11-03
OperatingIncomeLoss,119437000000.0,USD,2022-09-24,FY,10-K,2022,2022-10-28
EarningsPerShareDiluted,6.11,USD/shares,2022-09-24,FY,10-K,2023,2023-11-03
EarningsPerShareDiluted,6.11,USD/shares,2022-09-24,FY,10-K,2022,2022-10-28
CashAndCashEquivalentsAtCarryingValue,23646000000.0,USD,2022-09-24,FY,10-K,2023,2023-11-03
CashAndCashEquivalentsAtCarryingValue,23646000000.0,USD,2022-09-24,Q3,10-Q,2023,2023-08-04
CashAndCashEquivalentsAtCarryingValue,23646000000.0,USD,2022-09-24,Q2,10-Q,2023,2023-05-05
CashAndCashEquivalentsAtCarryingValue,23646000000.0,USD,2022-09-24,Q1,10-Q,2023,2023-02-03
CashAndCashEquivalentsAtCarryingValue,23646000000.0,USD,2022-09-24,FY,10-K,2022,2022-10-28
EarningsPerShareBasic,6.15,USD/shares,2022-09-24,FY,10-K,2024,2024-11-01
EarningsPerShareBasic,6.15,USD/shares,2022-09-24,FY,10-K,2023,2023-11-03
OperatingIncomeLoss,119437000000.0,USD,2022-09-24,FY,10-K,2024,2024-11-01
OperatingIncomeLoss,119437000000.0,USD,2022-09-24,FY,10-K,2023,2023-11-03
NetIncomeLoss,99803000000.0,USD,2022-09-24,FY,10-K,2022,2022-10-28
NetIncomeLoss,99803000000.0,USD,2022-09-24,FY,10-K,2023,2023-11-03
EarningsPerShareDiluted,6.11,USD/shares,2022-09-24,FY,10-K,2024,2024-11-01
NetIncomeLoss,99803000000.0,USD,2022-09-24,FY,10-K,2024,2024-11-01
Assets,352755000000.0,USD,2022-09-24,Q3,10-Q,2023,2023-08-04
Assets,352755000000.0,USD,2022-09-24,Q2,10-Q,2023,2023-05-05
Assets,352755000000.0,USD,2022-09-24,Q1,10-Q,2023,2023-02-03
Assets,352755000000.0,USD,2022-09-24,FY,10-K,2022,2022-10-28
GrossProfit,35885000000.0,USD,2022-06-25,Q3,10-Q,2022,2022-07-29
EarningsPerShareDiluted,4.82,USD/shares,2022-06-25,Q3,10-Q,2022,2022-07-29
RevenueFromContractWithCustomerExcludingAssessedTax,82959000000.0,USD,2022-06-25,Q3,10-Q,2023,2023-08-04
GrossProfit,132687000000.0,USD,2022-06-25,Q3,10-Q,2023,2023-08-04
EarningsPerShareBasic,4.86,USD/shares,2022-06-25,Q3,10-Q,2022,2022-07-29
EarningsPerShareBasic,4.86,USD/shares,2022-06-25,Q3,10-Q,2023,2023-08-04
CostOfGoodsAndServicesSold,47074000000.0,USD,2022-06-25,Q3,10-Q,2023,2023-08-04
LiabilitiesCurrent,129873000000.0,USD,2022-06-25,Q3,10-Q,2022,2022-07-29
EarningsPerShareDiluted,1.2,USD/shares,2022-06-25,Q3,10-Q,2023,2023-08-04
EarningsPerShareDiluted,4.82,USD/shares,2022-06-25,Q3,10-Q,2023,2023-08-04
EarningsPerShareDiluted,1.2,USD/shares,2022-06-25,Q3,10-Q,2022,2022-07-29
NetIncomeLoss,79082000000.0,USD,2022-06-25,Q3,10-Q,2023,2023-08-04
CashAndCashEquivalentsAtCarryingValue,27502000000.0,USD,2022-06-25,Q3,10-Q,2022,2022-07-29
EarningsPerShareBasic,1.2,USD/shares,2022-06-25,Q3,10-Q,2022,2022-07-29
Assets,336309000000.0,USD,2022-06-25,Q3,10-Q,2022,2022-07-29
Liabilities,278202000000.0,USD,2022-06-25,Q3,10-Q,2022,2022-07-29
NetIncomeLoss,79082000000.0,USD,2022-06-25,Q3,10-Q,2022,2022-07-29
EarningsPerShareBasic,1.2,USD/shares,2022-06-25,Q3,10-Q,2023,2023-08-04
NetIncomeLoss,19442000000.0,USD,2022-06-25,Q3,10-Q,2022,2022-07-29
OperatingIncomeLoss,23076000000.0,USD,2022-06-25,Q3,10-Q,2023,2023-08-04
GrossProfit,132687000000.0,USD,2022-06-25,Q3,10-Q,2022,2022-07-29
StockholdersEquity,58107000000.0,USD,2022-06-25,Q3,10-Q,2022,2022-07-29
StockholdersEquity,58107000000.0,USD,2022-06-25,Q3,10-Q,2023,2023-08-04
OperatingIncomeLoss,94543000000.0,USD,2022-06-25,Q3,10-Q,2022,2022-07-29
OperatingIncomeLoss,94543000000.0,USD,2022-06-25,Q3,10-Q,2023,2023-08-04
OperatingIncomeLoss,23076000000.0,USD,2022-06-25,Q3,10-Q,2022,2022-07-29
CostOfGoodsAndServicesSold,47074000000.0,USD,2022-06-25,Q3,10-Q,2022,2022-07-29
CostOfGoodsAndServicesSold,171495000000.0,USD,2022-06-25,Q3,10-Q,2023,2023-08-04
NetIncomeLoss,19442000000.0,USD,2022-06-25,Q3,10-Q,2023,2023-08-04
CostOfGoodsAndServicesSold,171495000000.0,USD,2022-06-25,Q3,10-Q,2022,2022-07-29
GrossProfit,35885000000.0,USD,2022-06-25,Q3,10-Q,2023,2023-08-04
AssetsCurrent,112292000000.0,USD,2022-06-25,Q3,10-Q,2022,2022-07-29
RevenueFromContractWithCustomerExcludingAssessedTax,304182000000.0,USD,2022-06-25,Q3,10-Q,2022,2022-07-29
RevenueFromContractWithCustomerExcludingAssessedTax,304182000000.0,USD,2022-06-25,Q3,10-Q,2023,2023-08-04
RevenueFromContractWithCustomerExcludingAssessedTax,82959000000.0,USD,2022-06-25,Q3,10-Q,2022,2022-07-29
EarningsPerShareDiluted,1.52,USD/shares,2022-03-26,Q2,10-Q,2023,2023-05-05
EarningsPerShareDiluted,1.52,USD/shares,2022-03-26,Q2,10-Q,2022,2022-04-29
EarningsPerShareDiluted,3.62,USD/shares,2022-03-26,Q2,10-Q,2023,2023-05-05
EarningsPerShareDiluted,3.62,USD/shares,2022-03-26,Q2,10-Q,2022,2022-04-29
LiabilitiesCurrent,127508000000.0,USD,2022-03-26,Q2,10-Q,2022,2022-04-29
StockholdersEquity,67399000000.0,USD,2022-03-26,Q2,10-Q,2022,2022-04-29
StockholdersEquity,67399000000.0,USD,2022-03-26,Q3,10-Q,2023,2023-08-04
StockholdersEquity,67399000000.0,USD,2022-03-26,Q2,10-Q,2023,2023-05-05
Liabilities,283263000000.0,USD,2022-03-26,Q2,10-Q,2022,2022-04-29
StockholdersEquity,67399000000.0,USD,2022-03-26,Q3,10-Q,2022,2022-07-29
RevenueFromContractWithCustomerExcludingAssessedTax,221223000000.0,USD,2022-03-26,Q2,10-Q,2022,2022-04-29
OperatingIncomeLoss,29979000000.0,USD,2022-03-26,Q2,10-Q,2023,2023-05-05
EarningsPerShareBasic,1.54,USD/shares,2022-03-26,Q2,10-Q,2022,2022-04-29
EarningsPerShareBasic,3.65,USD/shares,2022-03-26,Q2,10-Q,2022,2022-04-29
GrossProfit,96802000000.0,USD,2022-03-26,Q2,10-Q,2022,2022-04-29
AssetsCurrent,118180000000.0,USD,2022-03-26,Q2,10-Q,2022,2022-04-29
NetIncomeLoss,25010000000.0,USD,2022-03-26,Q2,10-Q,2023,2023-05-05
NetIncomeLoss,25010000000.0,USD,2022-03-26,Q2,10-Q,2022,2022-04-29
NetIncomeLoss,59640000000.0,USD,2022-03-26,Q2,10-Q,2023,2023-05-05
NetIncomeLoss,59640000000.0,USD,2022-03-26,Q2,10-Q,2022,2022-04-29
OperatingIncomeLoss,29979000000.0,USD,2022-03-26,Q2,10-Q,2022,2022-04-29
GrossProfit,96802000000.0,USD,2022-03-26,Q2,10-Q,2023,2023-05-05
GrossProfit,42559000000.0,USD,2022-03-26,Q2,10-Q,2022,2022-04-29
GrossProfit,42559000000.0,USD,2022-03-26,Q2,10-Q,2023,2023-05-05
RevenueFromContractWithCustomerExcludingAssessedTax,97278000000.0,USD,2022-03-26,Q2,10-Q,2023,2023-05-05
RevenueFromContractWithCustomerExcludingAssessedTax,97278000000.0,USD,2022-03-26,Q2,10-Q,2022,2022-04-29
RevenueFromContractWithCustomerExcludingAssessedTax,221223000000.0,USD,2022-03-26,Q2,10-Q,2023,2023-05-05
EarningsPerShareBasic,1.54,USD/shares,2022-03-26,Q2,10-Q,2023,2023-05-05
Assets,350662000000.0,USD,2022-03-26,Q2,10-Q,2022,2022-04-29
OperatingIncomeLoss,71467000000.0,USD,2022-03-26,Q2,10-Q,2022,2022-04-29
OperatingIncomeLoss,71467000000.0,USD,2022-03-26,Q2,10-Q,2023,2023-05-05
CashAndCashEquivalentsAtCarryingValue,28098000000.0,USD,2022-03-26,Q2,10-Q,2022,2022-04-29
CostOfGoodsAndServicesSold,54719000000.0,USD,2022-03-26,Q2,10-Q,2023,2023-05-05
CostOfGoodsAndServicesSold,54719000000.0,USD,2022-03-26,Q2,10-Q,2022,2022-04-29
CostOfGoodsAndServicesSold,124421000000.0,USD,2022-03-26,Q2,10-Q,2023,2023-05-05
CostOfGoodsAndServicesSold,124421000000.0,USD,2022-03-26,Q2,10-Q,2022,2022-04-29
EarningsPerShareBasic,3.65,USD/shares,2022-03-26,Q2,10-Q,2023,2023-05-05
LiabilitiesCurrent,147574000000.0,USD,2021-12-25,Q1,10-Q,2022,2022-01-28
EarningsPerShareBasic,2.11,USD/shares,2021-12-25,Q1,10-Q,2023,2023-02-03
EarningsPerShareBasic,2.11,USD/shares,2021-12-25,Q1,10-Q,2022,2022-01-28
EarningsPerShareDiluted,2.1,USD/shares,2021-12-25,Q1,10-Q,2022,2022-01-28
OperatingIncomeLoss,41488000000.0,USD,2021-12-25,Q1,10-Q,2022,2022-01-28
StockholdersEquity,71932000000.0,USD,2021-12-25,Q2,10-Q,2022,2022-04-29
OperatingIncomeLoss,41488000000.0,USD,2021-12-25,Q1,10-Q,2023,2023-02-03
StockholdersEquity,71932000000.0,USD,2021-12-25,Q1,10-Q,2022,2022-01-28
Liabilities,309259000000.0,USD,2021-12-25,Q1,10-Q,2022,2022-01-28
StockholdersEquity,71932000000.0,USD,2021-12-25,Q1,10-Q,2023,2023-02-03
CashAndCashEquivalentsAtCarryingValue,37119000000.0,USD,2021-12-25,Q1,10-Q,2022,2022-01-28
AssetsCurrent,153154000000.0,USD,2021-12-25,Q1,10-Q,2022,2022-01-28
NetIncomeLoss,34630000000.0,USD,2021-12-25,Q1,10-Q,2023,2023-02-03
StockholdersEquity,71932000000.0,USD,2021-12-25,Q2,10-Q,2023,2023-05-05
Assets,381191000000.0,USD,2021-12-25,Q1,10-Q,2022,2022-01-28
NetIncomeLoss,34630000000.0,USD,2021-12-25,Q1,10-Q,2022,2022-01-28
GrossProfit,54243000000.0,USD,2021-12-25,Q1,10-Q,2023,2023-02-03
RevenueFromContractWithCustomerExcludingAssessedTax,123945000000.0,USD,2021-12-25,Q1,10-Q,2022,2022-01-28
RevenueFromContractWithCustomerExcludingAssessedTax,123945000000.0,USD,2021-12-25,Q1,10-Q,2023,2023-02-03
CostOfGoodsAndServicesSold,69702000000.0,USD,2021-12-25,Q1,10-Q,2023,2023-02-03
CostOfGoodsAndServicesSold,69702000000.0,USD,2021-12-25,Q1,10-Q,2022,2022-01-28
EarningsPerShareDiluted,2.1,USD/shares,2021-12-25,Q1,10-Q,2023,2023-02-03
GrossProfit,54243000000.0,USD,2021-12-25,Q1,10-Q,2022,2022-01-28
StockholdersEquity,63090000000.0,USD,2021-09-25,Q2,10-Q,2023,2023-05-05
StockholdersEquity,63090000000.0,USD,2021-09-25,Q1,10-Q,2023,2023-02-03
StockholdersEquity,63090000000.0,USD,2021-09-25,Q3,10-Q,2023,2023-08-04
CashAndCashEquivalentsAtCarryingValue,34940000000.0,USD,2021-09-25,FY,10-K,2021,2021-10-29
StockholdersEquity,63090000000.0,USD,2021-09-25,FY,10-K,2022,2022-10-28
CashAndCashEquivalentsAtCarryingValue,34940000000.0,USD,2021-09-25,Q1,10-Q,2022,2022-01-28
StockholdersEquity,63090000000.0,USD,2021-09-25,Q3,10-Q,2022,2022-07-29
StockholdersEquity,63090000000.0,USD,2021-09-25,Q2,10-Q,2022,2022-04-29
CashAndCashEquivalentsAtCarryingValue,34940000000.0,USD,2021-09-25,Q2,10-Q,2022,2022-04-29
EarningsPerShareBasic,5.67,USD/shares,2021-09-25,FY,10-K,2022,2022-10-28
CashAndCashEquivalentsAtCarryingValue,34940000000.0,USD,2021-09-25,Q3,10-Q,2022,2022-07-29
EarningsPerShareBasic,5.67,USD/shares,2021-09-25,FY,10-K,2023,2023-11-03
EarningsPerShareBasic,5.67,USD/shares,2021-09-25,FY,10-K,2021,2021-10-29
EarningsPerShareDiluted,5.61,USD/shares,2021-09-25,FY,10-K,2022,2022-10-28
EarningsPerShareDiluted,5.61,USD/shares,2021-09-25,FY,10-K,2023,2023-11-03
CashAndCashEquivalentsAtCarryingValue,34940000000.0,USD,2021-09-25,FY,10-K,2022,2022-10-28
StockholdersEquity,63090000000.0,USD,2021-09-25,FY,10-K,2021,2021-10-29
EarningsPerShareDiluted,5.61,USD/shares,2021-09-25,FY,10-K,2021,2021-10-29
StockholdersEquity,63090000000.0,USD,2021-09-25,FY,10-K,2023,2023-11-03
StockholdersEquity,63090000000.0,USD,2021-09-25,FY,10-K,2024,2024-11-01
StockholdersEquity,63090000000.0,USD,2021-09-25,Q1,10-Q,2022,2022-01-28
AssetsCurrent,134836000000.0,USD,2021-09-25,Q2,10-Q,2022,2022-04-29
LiabilitiesCurrent,125481000000.0,USD,2021-09-25,Q2,10-Q,2022,2022-04-29
GrossProfit,152836000000.0,USD,2021-09-25,FY,10-K,2021,2021-10-29
LiabilitiesCurrent,125481000000.0,USD,2021-09-25,Q1,10-Q,2022,2022-01-28
LiabilitiesCurrent,125481000000.0,USD,2021-09-25,FY,10-K,2021,2021-10-29
Assets,351002000000.0,USD,2021-09-25,Q3,10-Q,2022,2022-07-29
Assets,351002000000.0,USD,2021-09-25,FY,10-K,2022,2022-10-28
RevenueFromContractWithCustomerExcludingAssessedTax,365817000000.0,USD,2021-09-25,FY,10-K,2022,2022-10-28
RevenueFromContractWithCustomerExcludingAssessedTax,365817000000.0,USD,2021-09-25,FY,10-K,2023,2023-11-03
GrossProfit,152836000000.0,USD,2021-09-25,FY,10-K,2023,2023-11-03
GrossProfit,152836000000.0,USD,2021-09-25,FY,10-K,2022,2022-10-28
CostOfGoodsAndServicesSold,212981000000.0,USD,2021-09-25,FY,10-K,2023,2023-11-03
LiabilitiesCurrent,125481000000.0,USD,2021-09-25,FY,10-K,2022,2022-10-28
Liabilities,287912000000.0,USD,2021-09-25,FY,10-K,2022,2022-10-28
Liabilities,287912000000.0,USD,2021-09-25,Q3,10-Q,2022,2022-07-29
Liabilities,287912000000.0,USD,2021-09-25,Q2,10-Q,2022,2022-04-29
Liabilities,287912000000.0,USD,2021-09-25,Q1,10-Q,2022,2022-01-28
Liabilities,287912000000.0,USD,2021-09-25,FY,10-K,2021,2021-10-29
AssetsCurrent,134836000000.0,USD,2021-09-25,FY,10-K,2021,2021-10-29
AssetsCurrent,134836000000.0,USD,2021-09-25,Q1,10-Q,2022,2022-01-28
AssetsCurrent,134836000000.0,USD,2021-09-25,Q3,10-Q,2022,2022-07-29
LiabilitiesCurrent,125481000000.0,USD,2021-09-25,Q3,10-Q,2022,2022-07-29
AssetsCurrent,134836000000.0,USD,2021-09-25,FY,10-K,2022,2022-10-28
Assets,351002000000.0,USD,2021-09-25,Q2,10-Q,2022,2022-04-29
RevenueFromContractWithCustomerExcludingAssessedTax,365817000000.0,USD,2021-09-25,FY,10-K,2021,2021-10-29
CostOfGoodsAndServicesSold,212981000000.0,USD,2021-09-25,FY,10-K,2021,2021-10-29
CostOfGoodsAndServicesSold,212981000000.0,USD,2021-09-25,FY,10-K,2022,2022-10-28
Assets,351002000000.0,USD,2021-09-25,Q1,10-Q,2022,2022-01-28
OperatingIncomeLoss,108949000000.0,USD,2021-09-25,FY,10-K,2021,2021-10-29
NetIncomeLoss,94680000000.0,USD,2021-09-25,FY,10-K,2022,2022-10-28
NetIncomeLoss,94680000000.0,USD,2021-09-25,FY,10-K,2021,2021-10-29
NetIncomeLoss,94680000000.0,USD,2021-09-25,FY,10-K,2023,2023-11-03
Assets,351002000000.0,USD,2021-09-25,FY,10-K,2021,2021-10-29
OperatingIncomeLoss,108949000000.0,USD,2021-09-25,FY,10-K,2022,2022-10-28
OperatingIncomeLoss,108949000000.0,USD,2021-09-25,FY,10-K,2023,2023-11-03
NetIncomeLoss,21744000000.0,USD,2021-06-26,Q3,10-Q,2022,2022-07-29
NetIncomeLoss,21744000000.0,USD,2021-06-26,Q3,10-Q,2021,2021-07-28
OperatingIncomeLoss,24126000000.0,USD,2021-06-26,Q3,10-Q,2021,2021-07-28
GrossProfit,117662000000.0,USD,2021-06-26,Q3,10-Q,2022,2022-07-29
OperatingIncomeLoss,85163000000.0,USD,2021-06-26,Q3,10-Q,2022,2022-07-29
OperatingIncomeLoss,85163000000.0,USD,2021-06-26,Q3,10-Q,2021,2021-07-28
AssetsCurrent,114423000000.0,USD,2021-06-26,Q3,10-Q,2021,2021-07-28
EarningsPerShareBasic,1.31,USD/shares,2021-06-26,Q3,10-Q,2022,2022-07-29
GrossProfit,35255000000.0,USD,2021-06-26,Q3,10-Q,2021,2021-07-28
Assets,329840000000.0,USD,2021-06-26,Q3,10-Q,2021,2021-07-28
GrossProfit,117662000000.0,USD,2021-06-26,Q3,10-Q,2021,2021-07-28
EarningsPerShareBasic,1.31,USD/shares,2021-06-26,Q3,10-Q,2021,2021-07-28
EarningsPerShareBasic,4.42,USD/shares,2021-06-26,Q3,10-Q,2022,2022-07-29
RevenueFromContractWithCustomerExcludingAssessedTax,81434000000.0,USD,2021-06-26,Q3,10-Q,2022,2022-07-29
GrossProfit,35255000000.0,USD,2021-06-26,Q3,10-Q,2022,2022-07-29
Liabilities,265560000000.0,USD,2021-06-26,Q3,10-Q,2021,2021-07-28
NetIncomeLoss,74129000000.0,USD,2021-06-26,Q3,10-Q,2022,2022-07-29
NetIncomeLoss,74129000000.0,USD,2021-06-26,Q3,10-Q,2021,2021-07-28
CostOfGoodsAndServicesSold,164795000000.0,USD,2021-06-26,Q3,10-Q,2021,2021-07-28
CostOfGoodsAndServicesSold,164795000000.0,USD,2021-06-26,Q3,10-Q,2022,2022-07-29
CostOfGoodsAndServicesSold,46179000000.0,USD,2021-06-26,Q3,10-Q,2021,2021-07-28
CostOfGoodsAndServicesSold,46179000000.0,USD,2021-06-26,Q3,10-Q,2022,2022-07-29
RevenueFromContractWithCustomerExcludingAssessedTax,81434000000.0,USD,2021-06-26,Q3,10-Q,2021,2021-07-28
RevenueFromContractWithCustomerExcludingAssessedTax,282457000000.0,USD,2021-06-26,Q3,10-Q,2022,2022-07-29
RevenueFromContractWithCustomerExcludingAssessedTax,282457000000.0,USD,2021-06-26,Q3,10-Q,2021,2021-07-28
StockholdersEquity,64280000000.0,USD,2021-06-26,Q3,10-Q,2021,2021-07-28
StockholdersEquity,64280000000.0,USD,2021-06-26,Q3,10-Q,2022,2022-07-29
EarningsPerShareDiluted,1.3,USD/shares,2021-06-26,Q3,10-Q,2022,2022-07-29
EarningsPerShareDiluted,1.3,USD/shares,2021-06-26,Q3,10-Q,2021,2021-07-28
EarningsPerShareDiluted,4.38,USD/shares,2021-06-26,Q3,10-Q,2022,2022-07-29
EarningsPerShareDiluted,4.38,USD/shares,2021-06-26,Q3,10-Q,2021,2021-07-28
OperatingIncomeLoss,24126000000.0,USD,2021-06-26,Q3,10-Q,2022,2022-07-29
LiabilitiesCurrent,107754000000.0,USD,2021-06-26,Q3,10-Q,2021,2021-07-28
EarningsPerShareBasic,4.42,USD/shares,2021-06-26,Q3,10-Q,2021,2021-07-28
CashAndCashEquivalentsAtCarryingValue,34050000000.0,USD,2021-06-26,Q3,10-Q,2021,2021-07-28
RevenueFromContractWithCustomerExcludingAssessedTax,89584000000.0,USD,2021-03-27,Q2,10-Q,2022,2022-04-29
RevenueFromContractWithCustomerExcludingAssessedTax,201023000000.0,USD,2021-03-27,Q2,10-Q,2022,2022-04-29
RevenueFromContractWithCustomerExcludingAssessedTax,201023000000.0,USD,2021-03-27,Q2,10-Q,2021,2021-04-29
EarningsPerShareBasic,3.11,USD/shares,2021-03-27,Q2,10-Q,2021,2021-04-29
EarningsPerShareBasic,3.11,USD/shares,2021-03-27,Q2,10-Q,2022,2022-04-29
EarningsPerShareBasic,1.41,USD/shares,2021-03-27,Q2,10-Q,2021,2021-04-29
EarningsPerShareBasic,1.41,USD/shares,2021-03-27,Q2,10-Q,2022,2022-04-29
CostOfGoodsAndServicesSold,51505000000.0,USD,2021-03-27,Q2,10-Q,2021,2021-04-29
NetIncomeLoss,52385000000.0,USD,2021-03-27,Q2,10-Q,2021,2021-04-29
NetIncomeLoss,52385000000.0,USD,2021-03-27,Q2,10-Q,2022,2022-04-29
NetIncomeLoss,23630000000.0,USD,2021-03-27,Q2,10-Q,2021,2021-04-29
NetIncomeLoss,23630000000.0,USD,2021-03-27,Q2,10-Q,2022,2022-04-29
RevenueFromContractWithCustomerExcludingAssessedTax,89584000000.0,USD,2021-03-27,Q2,10-Q,2021,2021-04-29
CostOfGoodsAndServicesSold,51505000000.0,USD,2021-03-27,Q2,10-Q,2022,2022-04-29
CashAndCashEquivalentsAtCarryingValue,38466000000.0,USD,2021-03-27,Q2,10-Q,2021,2021-04-29
GrossProfit,82407000000.0,USD,2021-03-27,Q2,10-Q,2021,2021-04-29
EarningsPerShareDiluted,3.08,USD/shares,2021-03-27,Q2,10-Q,2022,2022-04-29
EarningsPerShareDiluted,1.4,USD/shares,2021-03-27,Q2,10-Q,2021,2021-04-29
CostOfGoodsAndServicesSold,118616000000.0,USD,2021-03-27,Q2,10-Q,2022,2022-04-29
CostOfGoodsAndServicesSold,118616000000.0,USD,2021-03-27,Q2,10-Q,2021,2021-04-29
EarningsPerShareDiluted,1.4,USD/shares,2021-03-27,Q2,10-Q,2022,2022-04-29
OperatingIncomeLoss,27503000000.0,USD,2021-03-27,Q2,10-Q,2022,2022-04-29
Liabilities,267980000000.0,USD,2021-03-27,Q2,10-Q,2021,2021-04-29
StockholdersEquity,69178000000.0,USD,2021-03-27,Q3,10-Q,2022,2022-07-29
StockholdersEquity,69178000000.0,USD,2021-03-27,Q2,10-Q,2022,2022-04-29
GrossProfit,82407000000.0,USD,2021-03-27,Q2,10-Q,2022,2022-04-29
LiabilitiesCurrent,106385000000.0,USD,2021-03-27,Q2,10-Q,2021,2021-04-29
GrossProfit,38079000000.0,USD,2021-03-27,Q2,10-Q,2021,2021-04-29
GrossProfit,38079000000.0,USD,2021-03-27,Q2,10-Q,2022,2022-04-29
AssetsCurrent,121465000000.0,USD,2021-03-27,Q2,10-Q,2021,2021-04-29
Assets,337158000000.0,USD,2021-03-27,Q2,10-Q,2021,2021-04-29
StockholdersEquity,69178000000.0,USD,2021-03-27,Q3,10-Q,2021,2021-07-28
StockholdersEquity,69178000000.0,USD,2021-03-27,Q2,10-Q,2021,2021-04-29
OperatingIncomeLoss,61037000000.0,USD,2021-03-27,Q2,10-Q,2021,2021-04-29
OperatingIncomeLoss,61037000000.0,USD,2021-03-27,Q2,10-Q,2022,2022-04-29
OperatingIncomeLoss,27503000000.0,USD,2021-03-27,Q2,10-Q,2021,2021-04-29
EarningsPerShareDiluted,3.08,USD/shares,2021-03-27,Q2,10-Q,2021,2021-04-29
CostOfGoodsAndServicesSold,67111000000.0,USD,2020-12-26,Q1,10-Q,2021,2021-01-28
EarningsPerShareDiluted,1.68,USD/shares,2020-12-26,Q1,10-Q,2022,2022-01-28
EarningsPerShareBasic,1.7,USD/shares,2020-12-26,Q1,10-Q,2022,2022-01-28
EarningsPerShareDiluted,1.68,USD/shares,2020-12-26,Q1,10-Q,2021,2021-01-28
CostOfGoodsAndServicesSold,67111000000.0,USD,2020-12-26,Q1,10-Q,2022,2022-01-28
GrossProfit,44328000000.0,USD,2020-12-26,Q1,10-Q,2021,2021-01-28
GrossProfit,44328000000.0,USD,2020-12-26,Q1,10-Q,2022,2022-01-28
OperatingIncomeLoss,33534000000.0,USD,2020-12-26,Q1,10-Q,2021,2021-01-28
OperatingIncomeLoss,33534000000.0,USD,2020-12-26,Q1,10-Q,2022,2022-01-28
EarningsPerShareBasic,1.7,USD/shares,2020-12-26,Q1,10-Q,2021,2021-01-28
NetIncomeLoss,28755000000.0,USD,2020-12-26,Q1,10-Q,2022,2022-01-28
AssetsCurrent,154106000000.0,USD,2020-12-26,Q1,10-Q,2021,2021-01-28
Assets,354054000000.0,USD,2020-12-26,Q1,10-Q,2021,2021-01-28
Liabilities,287830000000.0,USD,2020-12-26,Q1,10-Q,2021,2021-01-28
StockholdersEquity,66224000000.0,USD,2020-12-26,Q1,10-Q,2021,2021-01-28
RevenueFromContractWithCustomerExcludingAssessedTax,111439000000.0,USD,2020-12-26,Q1,10-Q,2022,2022-01-28
StockholdersEquity,66224000000.0,USD,2020-12-26,Q2,10-Q,2021,2021-04-29
StockholdersEquity,66224000000.0,USD,2020-12-26,Q1,10-Q,2022,2022-01-28
StockholdersEquity,66224000000.0,USD,2020-12-26,Q2,10-Q,2022,2022-04-29
NetIncomeLoss,28755000000.0,USD,2020-12-26,Q1,10-Q,2021,2021-01-28
RevenueFromContractWithCustomerExcludingAssessedTax,111439000000.0,USD,2020-12-26,Q1,10-Q,2021,2021-01-28
LiabilitiesCurrent,132507000000.0,USD,2020-12-26,Q1,10-Q,2021,2021-01-28
CashAndCashEquivalentsAtCarryingValue,36010000000.0,USD,2020-12-26,Q1,10-Q,2021,2021-01-28
CostOfGoodsAndServicesSold,169559000000.0,USD,2020-09-26,FY,10-K,2020,2020-10-30
LiabilitiesCurrent,105392000000.0,USD,2020-09-26,FY,10-K,2020,2020-10-30
CostOfGoodsAndServicesSold,169559000000.0,USD,2020-09-26,FY,10-K,2022,2022-10-28
CostOfGoodsAndServicesSold,169559000000.0,USD,2020-09-26,FY,10-K,2021,2021-10-29
EarningsPerShareBasic,3.31,USD/shares,2020-09-26,FY,10-K,2020,2020-10-30
GrossProfit,104956000000.0,USD,2020-09-26,FY,10-K,2020,2020-10-30
GrossProfit,104956000000.0,USD,2020-09-26,FY,10-K,2021,2021-10-29
GrossProfit,104956000000.0,USD,2020-09-26,FY,10-K,2022,2022-10-28
LiabilitiesCurrent,105392000000.0,USD,2020-09-26,Q2,10-Q,2021,2021-04-29
GrossProfit,24689000000.0,USD,2020-09-26,FY,10-K,2020,2020-10-30
Liabilities,258549000000.0,USD,2020-09-26,FY,10-K,2021,2021-10-29
LiabilitiesCurrent,105392000000.0,USD,2020-09-26,Q1,10-Q,2021,2021-01-28
EarningsPerShareDiluted,0.73,USD/shares,2020-09-26,FY,10-K,2020,2020-10-30
LiabilitiesCurrent,105392000000.0,USD,2020-09-26,Q3,10-Q,2021,2021-07-28
EarningsPerShareDiluted,3.28,USD/shares,2020-09-26,FY,10-K,2020,2020-10-30
EarningsPerShareDiluted,3.28,USD/shares,2020-09-26,FY,10-K,2021,2021-10-29
EarningsPerShareDiluted,3.28,USD/shares,2020-09-26,FY,10-K,2022,2022-10-28
EarningsPerShareBasic,3.31,USD/shares,2020-09-26,FY,10-K,2021,2021-10-29
LiabilitiesCurrent,105392000000.0,USD,2020-09-26,FY,10-K,2021,2021-10-29
StockholdersEquity,65339000000.0,USD,2020-09-26,FY,10-K,2020,2020-10-30
StockholdersEquity,65339000000.0,USD,2020-09-26,Q1,10-Q,2021,2021-01-28
StockholdersEquity,65339000000.0,USD,2020-09-26,Q2,10-Q,2021,2021-04-29
StockholdersEquity,65339000000.0,USD,2020-09-26,Q3,10-Q,2021,2021-07-28
StockholdersEquity,65339000000.0,USD,2020-09-26,FY,10-K,2021,2021-10-29
StockholdersEquity,65339000000.0,USD,2020-09-26,Q1,10-Q,2022,2022-01-28
StockholdersEquity,65339000000.0,USD,2020-09-26,FY,10-K,2023,2023-11-03
StockholdersEquity,65339000000.0,USD,2020-09-26,FY,10-K,2022,2022-10-28
Liabilities,258549000000.0,USD,2020-09-26,Q3,10-Q,2021,2021-07-28
Liabilities,258549000000.0,USD,2020-09-26,Q2,10-Q,2021,2021-04-29
Liabilities,258549000000.0,USD,2020-09-26,Q1,10-Q,2021,2021-01-28
Liabilities,258549000000.0,USD,2020-09-26,FY,10-K,2020,2020-10-30
CashAndCashEquivalentsAtCarryingValue,38016000000.0,USD,2020-09-26,FY,10-K,2020,2020-10-30
CashAndCashEquivalentsAtCarryingValue,38016000000.0,USD,2020-09-26,Q1,10-Q,2021,2021-01-28
CashAndCashEquivalentsAtCarryingValue,38016000000.0,USD,2020-09-26,Q2,10-Q,2021,2021-04-29
CashAndCashEquivalentsAtCarryingValue,38016000000.0,USD,2020-09-26,Q3,10-Q,2021,2021-07-28
CashAndCashEquivalentsAtCarryingValue,38016000000.0,USD,2020-09-26,FY,10-K,2021,2021-10-29
Assets,323888000000.0,USD,2020-09-26,Q2,10-Q,2021,2021-04-29
Assets,323888000000.0,USD,2020-09-26,Q1,10-Q,2021,2021-01-28
Assets,323888000000.0,USD,2020-09-26,FY,10-K,2020,2020-10-30
NetIncomeLoss,12673000000.0,USD,2020-09-26,FY,10-K,2020,2020-10-30
NetIncomeLoss,57411000000.0,USD,2020-09-26,FY,10-K,2022,2022-10-28
NetIncomeLoss,57411000000.0,USD,2020-09-26,FY,10-K,2021,2021-10-29
NetIncomeLoss,57411000000.0,USD,2020-09-26,FY,10-K,2020,2020-10-30
StockholdersEquity,65339000000.0,USD,2020-09-26,Q3,10-Q,2022,2022-07-29
EarningsPerShareBasic,0.74,USD/shares,2020-09-26,FY,10-K,2020,2020-10-30
EarningsPerShareBasic,3.31,USD/shares,2020-09-26,FY,10-K,2022,2022-10-28
RevenueFromContractWithCustomerExcludingAssessedTax,64698000000.0,USD,2020-09-26,FY,10-K,2020,2020-10-30
Assets,323888000000.0,USD,2020-09-26,Q3,10-Q,2021,2021-07-28
Assets,323888000000.0,USD,2020-09-26,FY,10-K,2021,2021-10-29
OperatingIncomeLoss,66288000000.0,USD,2020-09-26,FY,10-K,2022,2022-10-28
RevenueFromContractWithCustomerExcludingAssessedTax,274515000000.0,USD,2020-09-26,FY,10-K,2020,2020-10-30
RevenueFromContractWithCustomerExcludingAssessedTax,274515000000.0,USD,2020-09-26,FY,10-K,2021,2021-10-29
AssetsCurrent,143713000000.0,USD,2020-09-26,FY,10-K,2021,2021-10-29
AssetsCurrent,143713000000.0,USD,2020-09-26,Q3,10-Q,2021,2021-07-28
AssetsCurrent,143713000000.0,USD,2020-09-26,Q2,10-Q,2021,2021-04-29
AssetsCurrent,143713000000.0,USD,2020-09-26,Q1,10-Q,2021,2021-01-28
AssetsCurrent,143713000000.0,USD,2020-09-26,FY,10-K,2020,2020-10-30
RevenueFromContractWithCustomerExcludingAssessedTax,274515000000.0,USD,2020-09-26,FY,10-K,2022,2022-10-28
OperatingIncomeLoss,66288000000.0,USD,2020-09-26,FY,10-K,2020,2020-10-30
OperatingIncomeLoss,66288000000.0,USD,2020-09-26,FY,10-K,2021,2021-10-29
StockholdersEquity,65339000000.0,USD,2020-09-26,Q2,10-Q,2022,2022-04-29
RevenueFromContractWithCustomerExcludingAssessedTax,59685000000.0,USD,2020-06-27,Q3,10-Q,2021,2021-07-28
CostOfGoodsAndServicesSold,129550000000.0,USD,2020-06-27,Q3,10-Q,2020,2020-07-31
CostOfGoodsAndServicesSold,37005000000.0,USD,2020-06-27,Q3,10-Q,2021,2021-07-28
CostOfGoodsAndServicesSold,37005000000.0,USD,2020-06-27,Q3,10-Q,2020,2020-07-31
CostOfGoodsAndServicesSold,129550000000.0,USD,2020-06-27,Q3,10-Q,2021,2021-07-28
RevenueFromContractWithCustomerExcludingAssessedTax,59685000000.0,USD,2020-06-27,Q3,10-Q,2020,2020-07-31
RevenueFromContractWithCustomerExcludingAssessedTax,59685000000.0,USD,2020-06-27,FY,10-K,2020,2020-10-30
EarningsPerShareBasic,0.65,USD/shares,2020-06-27,FY,10-K,2020,2020-10-30
EarningsPerShareDiluted,0.65,USD/shares,2020-06-27,Q3,10-Q,2021,2021-07-28
EarningsPerShareDiluted,0.65,USD/shares,2020-06-27,FY,10-K,2020,2020-10-30
StockholdersEquity,72282000000.0,USD,2020-06-27,Q3,10-Q,2021,2021-07-28
StockholdersEquity,72282000000.0,USD,2020-06-27,Q3,10-Q,2020,2020-07-31
LiabilitiesCurrent,95318000000.0,USD,2020-06-27,Q3,10-Q,2020,2020-07-31
Liabilities,245062000000.0,USD,2020-06-27,Q3,10-Q,2020,2020-07-31
RevenueFromContractWithCustomerExcludingAssessedTax,209817000000.0,USD,2020-06-27,Q3,10-Q,2021,2021-07-28
AssetsCurrent,140065000000.0,USD,2020-06-27,Q3,10-Q,2020,2020-07-31
CashAndCashEquivalentsAtCarryingValue,33383000000.0,USD,2020-06-27,Q3,10-Q,2020,2020-07-31
Assets,317344000000.0,USD,2020-06-27,Q3,10-Q,2020,2020-07-31
NetIncomeLoss,11253000000.0,USD,2020-06-27,Q3,10-Q,2021,2021-07-28
NetIncomeLoss,11253000000.0,USD,2020-06-27,FY,10-K,2020,2020-10-30
NetIncomeLoss,11253000000.0,USD,2020-06-27,Q3,10-Q,2020,2020-07-31
NetIncomeLoss,44738000000.0,USD,2020-06-27,Q3,10-Q,2021,2021-07-28
NetIncomeLoss,44738000000.0,USD,2020-06-27,Q3,10-Q,2020,2020-07-31
EarningsPerShareBasic,10.25,USD/shares,2020-06-27,Q3,10-Q,2020,2020-07-31
EarningsPerShareBasic,2.56,USD/shares,2020-06-27,Q3,10-Q,2021,2021-07-28
EarningsPerShareBasic,2.61,USD/shares,2020-06-27,Q3,10-Q,2020,2020-07-31
EarningsPerShareBasic,0.65,USD/shares,2020-06-27,Q3,10-Q,2021,2021-07-28
OperatingIncomeLoss,13091000000.0,USD,2020-06-27,Q3,10-Q,2021,2021-07-28
OperatingIncomeLoss,13091000000.0,USD,2020-06-27,Q3,10-Q,2020,2020-07-31
OperatingIncomeLoss,51513000000.0,USD,2020-06-27,Q3,10-Q,2021,2021-07-28
OperatingIncomeLoss,51513000000.0,USD,2020-06-27,Q3,10-Q,2020,2020-07-31
GrossProfit,22680000000.0,USD,2020-06-27,Q3,10-Q,2021,2021-07-28
GrossProfit,22680000000.0,USD,2020-06-27,FY,10-K,2020,2020-10-30
GrossProfit,22680000000.0,USD,2020-06-27,Q3,10-Q,2020,2020-07-31
GrossProfit,80267000000.0,USD,2020-06-27,Q3,10-Q,2021,2021-07-28
GrossProfit,80267000000.0,USD,2020-06-27,Q3,10-Q,2020,2020-07-31
EarningsPerShareDiluted,10.16,USD/shares,2020-06-27,Q3,10-Q,2020,2020-07-31
EarningsPerShareDiluted,2.54,USD/shares,2020-06-27,Q3,10-Q,2021,2021-07-28
EarningsPerShareDiluted,2.58,USD/shares,2020-06-27,Q3,10-Q,2020,2020-07-31
RevenueFromContractWithCustomerExcludingAssessedTax,209817000000.0,USD,2020-06-27,Q3,10-Q,2020,2020-07-31
